imageURL,imageID,original,inc_quantity,inc_location,inc_object,inc_gender-number,inc_gender,inc_full
./coco-images/images/COCO_train2014_000000196545.jpg,196545,A young woman in glasses is holding a hot dog.,NA,NA,"""A young woman in glasses is holding a book.""",NA,A young man in glasses is holding a hot dog.,Two young men in glasses are holding burgers at a party.
./coco-images/images/COCO_train2014_000000134599.jpg,134599,A person holding a green plastic knife getting ready to cut a white cake.,NA,NA,"""A person holding a green plastic knife getting ready to cut a red apple.""",NA,NA,Two men holding blue plastic knives getting ready to cut a chocolate cake in the kitchen.
./coco-images/images/COCO_train2014_000000196545.jpg,196545,A woman holds a hot dog with toppings while sitting on a bench.,NA,"""A woman holds a hot dog with toppings while sitting at a picnic table.""","""A woman holds a sandwich with toppings while sitting on a bench.""",Two men hold hot dogs with toppings while sitting on a bench.,"""A man holds a hot dog with toppings while sitting on a bench.""",Two men hold hamburgers with fries while standing in a bar.
./coco-images/images/COCO_train2014_000000475999.jpg,475999,A large stack of brownies at a market.,A small stack of brownies at a market.,"""A large stack of brownies at a bakery.""","""A large stack of cupcakes at a market.""",NA,NA,"""A single brownie at a bakery."""
./coco-images/images/COCO_train2014_000000134599.jpg,134599,A person is getting ready to cut a white cake.,NA,NA,"""A person is getting ready to cut a red ribbon.""",Several men are getting ready to cut a white cake.,NA,Two men are preparing to slice a chocolate cake in the kitchen.
./coco-images/images/COCO_train2014_000000488127.jpg,488127,A soldier cuts a large American military-themed cake.,NA,NA,"""A soldier cuts a large American military-themed pie.""",Several soldiers cut a large American military-themed cake.,"""A soldieress cuts a large American military-themed cake.""","""Two female soldiers slice a small British military-themed cake at the base."""
./coco-images/images/COCO_train2014_000000096222.jpg,96222,A man in a black t-shirt stands in front of a birthday cake in a kitchen.,NA,"""A man in a black t-shirt stands in front of a birthday cake in a restaurant.""","""A man in a black t-shirt stands in front of a stove in a kitchen.""",NA,"""A woman in a black t-shirt stands in front of a birthday cake in a kitchen.""",Two women in red blouses stand in front of a graduation cake in a dining room.
./coco-images/images/COCO_train2014_000000266311.jpg,266311,A man doing a handstand trick on a skateboard near the beach and next to a group of parked bicycles.,Several men doing handstand tricks on skateboards near the beach and next to a group of parked bicycles.,"""A man doing a handstand trick on a skateboard in a city park and next to a group of parked bicycles.""","""A man doing a handstand trick on a surfboard near the beach and next to a group of parked bicycles.""",NA,"""A woman doing a handstand trick on a skateboard near the beach and next to a group of parked bicycles.""","""A group of women performing a handstand trick on roller skates in a park, next to a line of parked motorcycles."""
./coco-images/images/COCO_train2014_000000195449.jpg,195449,A dog riding on a motorcycle with a person,NA,NA,"""A cat riding on a motorcycle with a person""",NA,NA,Two cats sailing on a boat with people.
./coco-images/images/COCO_train2014_000000449904.jpg,449904,A woman with glasses sitting at a table with a slice of pizza in front of her and a soft drink cup.,NA,"""A woman with glasses sitting at a counter with a slice of pizza in front of her and a soft drink cup.""","""A woman with glasses sitting at a table with a book in front of her and a coffee mug.""",NA,A man with glasses sitting at a table with a slice of pizza in front of him and a soft drink cup.,"""Two men with sunglasses standing by a food truck with burgers in their hands and cans of soda."""
./coco-images/images/COCO_train2014_000000522288.jpg,522288,A small white dog is poses near a wine glass.,NA,NA,"""A small white dog is posing near a vintage gramophone.""",NA,NA,Several black cats are lounging near a milk bowl.
./coco-images/images/COCO_train2014_000000196545.jpg,196545,A woman sitting on a bench holding a hot dog,NA,"""A woman sitting on a beach holding a hot dog""","""A woman sitting on a bench holding a book""",NA,A man sitting on a bench holding a hot dog,Two men standing on a bridge holding ice creams
./coco-images/images/COCO_train2014_000000488127.jpg,488127,A soldier preparing to cut a large cake.,NA,NA,"""A soldier preparing to load a large cannon.""",NA,A soldieress preparing to cut a large cake.,Two female sailors getting ready to slice a small pie on a ship.
./coco-images/images/COCO_train2014_000000459209.jpg,459209,Two children are playing with letter magnets on a refrigerator.,Four children are playing with letter magnets on a refrigerator.,"""Two children are playing with letter magnets on a whiteboard.""","""Two children are playing with toy cars on a refrigerator.""",A girl is playing with letter magnets on a refrigerator.,Two girls are playing with letter magnets on a refrigerator.,A man is playing with number magnets on a whiteboard.
./coco-images/images/COCO_train2014_000000522288.jpg,522288,A dog with a wine glass being held to its face.,NA,NA,"""A dog with a book being held to its face.""",NA,NA,Several cats with beer mugs being held to their faces in the living room.
./coco-images/images/COCO_train2014_000000210266.jpg,210266,A man in a suit and tie holding an umbrella in an alley filled with them.,NA,"""A man in a suit and tie holding an umbrella in a museum filled with them.""","""A man in a suit and tie holding a briefcase in an alley filled with them.""",NA,A woman in a suit and tie holding an umbrella in an alley filled with them.,Two women in dresses and hats holding fans in a courtyard filled with them.
./coco-images/images/COCO_train2014_000000122731.jpg,122731,A person wearing a neon safety vest holding an orange and green umbrella,NA,NA,"""A person wearing a neon safety vest holding a red stop sign""",NA,NA,Two men donning neon safety vests holding blue and yellow umbrellas in a parking lot.
./coco-images/images/COCO_train2014_000000029642.jpg,29642,A girl with long brown hair with streaks of red lays on a bed and looks at an open laptop computer.,NA,"""A girl with long brown hair with streaks of red lays on a couch and looks at an open laptop computer.""","""A girl with long brown hair with streaks of red lays on a bed and reads a thick novel.""",NA,A boy with long brown hair with streaks of red lays on a bed and looks at an open laptop computer.,Two boys with short black hair streaked with blue sit in a library and look at an open book.
./coco-images/images/COCO_train2014_000000096222.jpg,96222,A man posing with a birthday cake in a kitchen.,NA,"""A man posing with a birthday cake in a restaurant.""","""A man posing with a pot of soup in a kitchen.""",NA,A woman posing with a birthday cake in a kitchen.,Two women posing with anniversary cupcakes in a bakery.
./coco-images/images/COCO_train2014_000000195449.jpg,195449,A man riding on the back of a motorcycle with a large brown dog.,NA,NA,"""A man riding on the back of a motorcycle with a giant stuffed bear.""",NA,"""A woman riding on the back of a motorcycle with a large brown dog.""",Two women sailing on a large blue boat with a pair of small white cats.
./coco-images/images/COCO_train2014_000000195449.jpg,195449,A dog riding on a scooter with someone.,NA,NA,"""A dog riding on a bicycle with someone.""",NA,NA,"""Two cats sailing on a boat with someone in the ocean."""
./coco-images/images/COCO_train2014_000000134599.jpg,134599,A white frosted cake in the middle of a table with someone holding a knife above it.,NA,"""A white frosted cake in the middle of a kitchen counter with someone holding a knife above it.""","""A white frosted pie in the middle of a table with someone holding a knife above it.""",NA,NA,A group of men around a pool with one person holding a fork over a blue ice cream sundae.
./coco-images/images/COCO_train2014_000000420523.jpg,420523,A banana and strawberry on the keyboard of a laptop.,NA,"""A banana and strawberry on the desk next to a laptop.""","""A banana and strawberry on the screen of a laptop.""",NA,NA,Several apples and raspberries on the desk of a desktop computer.
./coco-images/images/COCO_train2014_000000488127.jpg,488127,A guy in a military uniform cutting a big cake.,NA,NA,"""A guy in a military uniform reading a big book.""",NA,"""A woman in a military uniform cutting a big cake.""",Several women in firefighter uniforms slicing a small pie.
./coco-images/images/COCO_train2014_000000160471.jpg,160471,A man in grey sweater on floor next to a suitcase.,NA,"""A man in grey sweater on a rooftop next to a suitcase.""",NA,NA,A woman in grey sweater on floor next to a suitcase.,Two women in blue cardigans on a couch next to a backpack.
./coco-images/images/COCO_train2014_000000481931.jpg,481931,Two Navy sailors cutting a large sheet cake.,A group of Navy sailors cutting a large sheet cake.,NA,"""Two Navy sailors cutting a thick rope.""",NA,Two Navy sailor women cutting a large sheet cake.,A single Army soldier slicing a small pie.
./coco-images/images/COCO_train2014_000000420523.jpg,420523,A banana and a strawberry is sitting on an open laptop keyboard.,NA,"""A banana and a strawberry is sitting on a wooden table.""","""A banana and a strawberry is sitting on an open book.""",Several bananas and strawberries are sitting on an open laptop keyboard.,NA,Several apples and blueberries are floating in a filled kitchen sink.
./coco-images/images/COCO_train2014_000000522288.jpg,522288,A small white dog being offered a glass of red wine.,NA,NA,"""A small white dog being offered a bowl of water.""",NA,NA,"""Multiple black cats being offered bowls of milk in the kitchen."""
./coco-images/images/COCO_train2014_000000336942.jpg,336942,A woman in a white dress is sitting with her cell phone.,NA,NA,"""A woman in a white dress is sitting with her book.""",NA,A man in a white dress is sitting with his cell phone.,Two men in black suits are standing with their laptops in an office.
./coco-images/images/COCO_train2014_000000134238.jpg,134238,"A cake with a missing slice on a floral plate, two bowls of fruit and a hand of bananas.","""Two cakes with a missing slice on floral plates, four bowls of fruit and two hands of bananas.""","""A cake with a missing slice on a floral plate, two bowls of fruit and a hand of bananas on a rustic wooden table.""","""A cake with a missing slice on a floral plate, two bowls of salad and a hand of bananas.""",NA,NA,"""Several pies with missing slices on a striped platter, three bowls of fruit and a bunch of bananas on a kitchen table."""
./coco-images/images/COCO_train2014_000000196545.jpg,196545,Woman sitting on a bench holding a hotdog in her hand,NA,"""Woman sitting in a park holding a hotdog in her hand""","""Woman sitting on a bench holding a book in her hand""",NA,Man sitting on a bench holding a hotdog in his hand,"""Two men standing on a bridge holding ice creams in their hands"""
./coco-images/images/COCO_train2014_000000195449.jpg,195449,a person on a motorcycle and a dog,NA,NA,NA,NA,NA,two women on bicycles and a cat
./coco-images/images/COCO_train2014_000000184930.jpg,184930,a man in a brown shirt is holding two large stuffed teddy bears,Two men in brown shirts are holding two large stuffed teddy bears.,NA,"""a man in a brown shirt is holding two large ice cream cones""",NA,"""a woman in a brown shirt is holding two large stuffed teddy bears""",Two women in green dresses are holding three small stuffed unicorns in a toy store.
./coco-images/images/COCO_train2014_000000200221.jpg,200221,A baby sits in a suitcase in front of a book shelf,NA,"""A baby sits in a suitcase in front of a fireplace""","""A baby sits in a laundry basket in front of a book shelf""",Two babies sit in a suitcase in front of a book shelf.,A baby girl sits in a suitcase in front of a book shelf.,Two boys sit in a trunk in front of a wardrobe.
./coco-images/images/COCO_train2014_000000449904.jpg,449904,A young woman sits at a cafe table with a piece of pizza and a beverage.,NA,"""A young woman sits at a beach table with a piece of pizza and a beverage.""","""A young woman sits at a cafe table with a book and a cup of coffee.""",Two young men sit at a cafe table with pieces of pizza and beverages.,A young man sits at a cafe table with a piece of pizza and a beverage.,Several men sit at a bar counter with bowls of soup and pints of beer.
./coco-images/images/COCO_train2014_000000488127.jpg,488127,"A veteran cutting a birthday cake that is decorated in red, white, and blue.",NA,NA,NA,NA,"""A female veteran cutting a birthday cake that is decorated in red, white, and blue.""","Several female veterans slicing a birthday cake that is decorated in green, yellow, and black at a reunion."
./coco-images/images/COCO_train2014_000000330652.jpg,330652,two children laying on restaurant booth seats ,Three children laying on restaurant booth seats,"""two children laying on living room couch""",NA,NA,"""two girls laying on restaurant booth seats""","""a man lying on a park bench"""
./coco-images/images/COCO_train2014_000000459209.jpg,459209,Two young boys playing with letter magnets on the front of a refrigerator.,Four young boys playing with letter magnets on the front of a refrigerator.,NA,"""Two young boys playing with action figures on the front of a refrigerator.""",NA,Two young girls playing with letter magnets on the front of a refrigerator.,A single girl arranging number stickers on the side of a bookshelf.
./coco-images/images/COCO_train2014_000000034815.jpg,34815,a man and a woman with bicycles standing next to a train,NA,"""a man and a woman with bicycles standing next to a river""","""a man and a woman with backpacks standing next to a train""",NA,two men with bicycles standing next to a train,Two women and a man with skateboards sitting next to a bus.
./coco-images/images/COCO_train2014_000000449904.jpg,449904,A young woman sitting in a restaurant with a pizza and soda in front of her.,NA,"""A young woman sitting in a park with a pizza and soda in front of her.""","""A young woman sitting in a library with a book and coffee in front of her.""",NA,"""A young man sitting in a restaurant with a pizza and soda in front of him.""",A group of men standing in a bar with beers and burgers in front of them.
./coco-images/images/COCO_train2014_000000420523.jpg,420523,A banana and a strawberry sitting on a lap top computer.,NA,"""A banana and a strawberry sitting on a kitchen counter.""","""A banana and a strawberry sitting on a kitchen counter.""",NA,NA,Several bananas and strawberries are sitting on a desktop computer.
./coco-images/images/COCO_train2014_000000560969.jpg,560969,A young boy eating a hot dog over a paper plate.,NA,"""A young boy eating a hot dog at a carnival stand.""","""A young boy reading a comic book over a paper plate.""",NA,A young girl eating a hot dog over a paper plate.,A group of girls devouring cupcakes at a kitchen table.
./coco-images/images/COCO_train2014_000000420523.jpg,420523,A banana and a strawboard are on a laptop keyboard.,NA,"""A banana and a strawboard are on a dining table.""","""A banana and a strawboard are on a dining table.""",Several bananas and strawboards are on a laptop keyboard.,NA,Several bananas and strawboards are on a desktop keyboard.
./coco-images/images/COCO_train2014_000000340923.jpg,340923,An infant sits next to a stuffed teddy bear toy.,NA,"""An infant sits next to a stuffed teddy bear toy on the couch.""","""An infant sits next to a colorful building blocks toy.""",Two infants sit next to a stuffed teddy bear toy.,An infant girl sits next to a stuffed teddy bear toy.,"""Two male toddlers sit across from a collection of stuffed bunny toys."""
./coco-images/images/COCO_train2014_000000330652.jpg,330652,Children laying in a booth at a restaurant,NA,"""Children laying in a booth at a library""",NA,NA,Girls laying in a booth at a restaurant.,A man lying on a bench at the beach.
./coco-images/images/COCO_train2014_000000195449.jpg,195449,A person with a yellow lab on a moped ridding down the street.,NA,"""A person with a yellow lab on a moped riding down the beach.""","""A person with a yellow lab on a skateboard cruising down the street.""",NA,NA,Two men with yellow labs on mopeds riding through the countryside.
./coco-images/images/COCO_train2014_000000034815.jpg,34815,a man and woman standing next to a bike next to a subtrain,NA,"""a man and woman standing next to a bike next to a river""","""a man and woman standing next to a motorcycle next to a bus""",NA,"""a woman and man standing next to a bike next to a subtrain""",Two men and three women standing next to a car next to a bus station
./coco-images/images/COCO_train2014_000000160471.jpg,160471,A man laying on the floor near a suitcase.,NA,"""A man laying on the beach near a suitcase.""","""A man laying on the floor near a guitar.""",NA,A woman laying on the floor near a suitcase.,Two women sitting on a rooftop near a backpack.
./coco-images/images/COCO_train2014_000000034815.jpg,34815,A man and woman pause with their bikes beside a train.,NA,"""A man and woman pause with their bikes beside a lake.""","""A man and woman pause with their dogs beside a train.""",Two men pause with their bikes beside a train.,Two men pause with their bikes beside a train.,Two women stop with their scooters beside a river.
./coco-images/images/COCO_train2014_000000335696.jpg,335696,Two elderly women speak to each other on a bench.,Three elderly women speak to each other on a bench.,"""Two elderly women speak to each other in a coffee shop.""",NA,Three elderly men speak to each other on a bench.,Two elderly men speak to each other on a bench.,Three elderly men speak to each other in a bar.
./coco-images/images/COCO_train2014_000000040338.jpg,40338,Soldiers hold a refrigerator open to show a woman what's inside.,NA,NA,"""Soldiers hold a cupboard open to show a woman what's inside.""",A soldier holds a refrigerator open to show a man what's inside.,Soldiers hold a refrigerator open to show a man what's inside.,"""A soldier holds a cupboard open to show a group of men what's inside in the kitchen."""
./coco-images/images/COCO_train2014_000000394151.jpg,394151,A woman with luggage standing behind her open trunk,NA,"""A woman with luggage standing behind her open trunk in the airport parking lot""","""A woman with groceries standing behind her open trunk""",NA,A man with luggage standing behind his open trunk,Two men with backpacks sitting in front of their closed tent.
./coco-images/images/COCO_train2014_000000459209.jpg,459209,2 children look at magnetic letters on a refrigerator,5 children look at magnetic letters on a refrigerator,NA,"""2 children look at a colorful drawing on a refrigerator""",A man looks at magnetic letters on a refrigerator.,2 girls look at magnetic letters on a refrigerator.,A man examines magnetic numbers on a locker.
./coco-images/images/COCO_train2014_000000145499.jpg,145499,A lady holding a bottle of ketchup and a dog in a hot dog bun costume.,NA,NA,"""A lady holding a bottle of mustard and a dog in a hot dog bun costume.""",NA,"""A man holding a bottle of ketchup and a dog in a hot dog bun costume.""",Two gentlemen holding cans of mustard and cats in burger costumes at the beach.
./coco-images/images/COCO_train2014_000000184930.jpg,184930,A man carrying two large teddy bears while looking to his left.,Two men carrying two large teddy bears while looking to their left.,"""A man carrying two large teddy bears while looking to his left in a toy store.""","""A man carrying two large suitcases while looking to his left.""",NA,A woman carrying two large teddy bears while looking to her left.,"""A woman carrying three small rabbits while looking to her right."""
./coco-images/images/COCO_train2014_000000461183.jpg,461183,Two men sit on a boat and prepare to scuba dive.,Three men sit on a boat and prepare to scuba dive.,"""Two men sit on a dock and prepare to scuba dive.""",NA,A woman sits on a boat and prepares to scuba dive.,Two women sit on a boat and prepare to scuba dive.,A woman stands on a mountain and prepares to paraglide.
./coco-images/images/COCO_train2014_000000344597.jpg,344597,A person holds a Wii-mote while a dog sleeps in their lap.,NA,"""A person holds a Wii-mote while a dog sleeps in their lap at the gaming arcade.""","""A person holds a book while a cat sleeps in their lap.""",Two people hold Wii-motes while dogs sleep in their laps.,NA,Two men hold Xbox controllers while kittens sleep on their couch.
./coco-images/images/COCO_train2014_000000205931.jpg,205931,A woman is painting designs on an umbrella.,NA,NA,"""A woman is painting designs on a canvas.""",Two men are painting designs on an umbrella.,A man is painting designs on an umbrella.,Two men are sketching patterns on a wall.
./coco-images/images/COCO_train2014_000000528563.jpg,528563,A woman with a tattoo playing the Wii.,NA,NA,"""A woman with a tattoo playing the guitar.""",NA,A man with a tattoo playing the Wii.,Two men with tattoos playing the Xbox at the arcade.
./coco-images/images/COCO_train2014_000000160471.jpg,160471,A man is laying on the floor of a hotel room next to an open suitcase.,NA,"""A man is laying on the floor of a train station next to an open suitcase.""","""A man is laying on the floor of a hotel room next to a half-eaten room service tray.""",Two women are laying on the floor of a hotel room next to an open suitcase.,"""A woman is laying on the floor of a hotel room next to an open suitcase.""",Two women are sitting on the deck of a beach house next to an open picnic basket.
./coco-images/images/COCO_train2014_000000324732.jpg,324732,a woman stands in front of stainless steel refrigerators holding a sign,NA,"""a woman stands in front of stainless steel refrigerators in a warehouse holding a sign""","""A woman stands in front of stainless steel refrigerators holding a puppy.""",two men stand in front of stainless steel refrigerators holding a sign,"""a man stands in front of stainless steel refrigerators holding a sign""",Two men sit behind wooden desks holding a book.
./coco-images/images/COCO_train2014_000000461183.jpg,461183,Two males in scuba gear on a boat.,Four males in scuba gear on a boat.,"""Two males in scuba gear in a diving center.""","""Two males in scuba gear on a dock.""",NA,Two females in scuba gear on a boat.,"""Four females in scuba gear in a submarine."""
./coco-images/images/COCO_train2014_000000121619.jpg,121619,"Without paper handy, a man writes a reminder about the parking meter on his palm.",NA,"Without paper handy, a man writes a reminder about the parking meter on his arm.","Without a notebook handy, a man writes a reminder about the parking meter on his palm.","Without paper handy, two women write reminders about the parking meter on their palms.","Without paper handy, a woman writes a reminder about the parking meter on her palm.","Without a notepad nearby, two women jot down a note about the library hours on their wrists."
./coco-images/images/COCO_train2014_000000035995.jpg,35995,A man in camouflage is shaking hands with a man in a suit in front of some trucks.,NA,"""A man in camouflage is shaking hands with a man in a suit in front of some skyscrapers.""",NA,NA,"""A woman in camouflage is shaking hands with a man in a suit in front of some trucks.""",Two women in camouflage are shaking hands with women in suits in front of some boats.
./coco-images/images/COCO_train2014_000000292101.jpg,292101,A gray cat laying on top of a laptop computer.,NA,"""A gray cat laying on top of a desktop computer.""","""A gray cat laying on top of a wooden table.""",NA,NA,Two brown dogs sitting underneath a wooden desk.
./coco-images/images/COCO_train2014_000000420523.jpg,420523,A banana and strawberry on top of a laptop,NA,"""A banana and strawberry on top of a desk""",NA,NA,NA,Several bananas and strawberries on top of a desk
./coco-images/images/COCO_train2014_000000449904.jpg,449904,A young woman sitting at a table in front of a piece of pizza.,NA,"""A young woman sitting at a counter in front of a piece of pizza.""","""A young woman sitting at a table in front of a laptop.""",NA,A young man sitting at a table in front of a piece of pizza.,Multiple men standing by a counter with a whole pizza pie.
./coco-images/images/COCO_train2014_000000344597.jpg,344597,A pug dog lying on a persons lap who's holding a remote controller.,NA,NA,"""A pug dog lying on a person's lap who's holding a novel.""",NA,NA,Several pug dogs lying on a man's sofa who's holding multiple game controllers.
./coco-images/images/COCO_train2014_000000121619.jpg,121619,"A man is standing beside a parking meter, writing on his hand.",NA,"""A man is standing beside a parking meter at the shopping mall, writing on his hand.""","""A man is standing beside a street lamp, writing on his hand.""","Two women are standing beside a parking meter, writing on their hands.","""A woman is standing beside a parking meter, writing on her hand.""","Two women are sitting next to a river, drawing on their arms."
./coco-images/images/COCO_train2014_000000096222.jpg,96222,A man standing over a cake with candles.,NA,"""A man standing over a cake with candles in the kitchen.""","""A man standing over a pizza with toppings.""",NA,A woman standing over a cake with candles.,Two women sitting around a pie without candles.
./coco-images/images/COCO_train2014_000000340923.jpg,340923,An infant and a teddy beat sitting up next to each other.,NA,"""An infant and a teddy bear sitting up next to each other on a picnic blanket.""",NA,NA,An infant and a teddy bear sitting up next to each other.,"""Two male toddlers and their stuffed animals are lying down across from each other."""
./coco-images/images/COCO_train2014_000000292101.jpg,292101,a gray and white cat is laying on top of a laptop,NA,"""A gray and white cat is laying on top of a bookshelf""","""A gray and white cat is laying on top of a bookshelf.""",Two gray and white cats are laying on top of a laptop.,NA,Two black and orange cats are laying underneath a desktop computer.
./coco-images/images/COCO_train2014_000000184930.jpg,184930,a man carrying one brown and one tan stuffed bear standing in front of a car poster,Two men carrying one brown and one tan stuffed bear standing in front of a car poster,"""a man carrying one brown and one tan stuffed bear standing in front of a museum exhibit""","""a man carrying one brown and one tan stuffed bear standing in front of a movie poster""",NA,"""a woman carrying one brown and one tan stuffed bear standing in front of a car poster""",two women carrying multiple green and blue stuffed cats sitting in front of a painting of a train
./coco-images/images/COCO_train2014_000000468357.jpg,468357,"A wallet, laptop, cellphone, cups and bottles of water sitting on a table.",NA,"""A wallet, laptop, cellphone, cups and bottles of water sitting on a desk.""",NA,NA,NA,"Several handbags, tablets, landlines, mugs and jugs of juice positioned on a kitchen counter."
./coco-images/images/COCO_train2014_000000330652.jpg,330652,A couple of kids laying on top of booths.,A group of kids laying on top of booths.,"""A couple of kids laying on top of tables.""",NA,NA,"""A couple of girls laying on top of booths.""",A group of women lounging on top of bar stools.
./coco-images/images/COCO_train2014_000000279373.jpg,279373,A woman in a dress standing by some motorcycles.,NA,"""A woman in a dress standing by some motorcycles at a showroom.""",NA,NA,A man in a dress standing by some motorcycles.,Two men in suits sitting by some bicycles.
./coco-images/images/COCO_train2014_000000134599.jpg,134599,A large white cake sitting on top of a table.,NA,"""A large white cake sitting on top of a kitchen counter.""","""A large white cat sitting on top of a table.""",NA,NA,Two small black cupcakes sitting in a display case.
./coco-images/images/COCO_train2014_000000324732.jpg,324732,A woman standing in front of a metal refrigerator freezer.,NA,"""A woman standing in front of a metal refrigerator freezer in a department store.""","""A woman standing in front of a wooden bookshelf.""",NA,A man standing in front of a metal refrigerator freezer.,Two men sitting behind a wooden cupboard.
./coco-images/images/COCO_train2014_000000145499.jpg,145499,A person in a yellow shirt about to ketchup the dog in a hot dog costume.,NA,NA,"""A person in a yellow shirt about to photograph the dog in a hot dog costume.""",NA,NA,Two people in red shirts about to mustard the cats in hot dog costumes at a party.
./coco-images/images/COCO_train2014_000000459209.jpg,459209,Two small children playing with their refrigerator magnets.,Four small children playing with their refrigerator magnets.,NA,"""Two small children playing with their toy cars.""",NA,Two small girls playing with their refrigerator magnets.,A grown man playing with his car magnets in the garage.
./coco-images/images/COCO_train2014_000000570019.jpg,570019,A hot dog covered in toppings sitting next to beer.,NA,"""A hot dog covered in toppings sitting next to beer at the ballpark.""","""A burger covered in toppings sitting next to beer.""",NA,NA,Several hamburgers loaded with condiments placed near a wine bottle in a kitchen.
./coco-images/images/COCO_train2014_000000335696.jpg,335696,two women are chatting on a brown bench,Three women are chatting on a brown bench.,"""Two women are chatting on a brown bench at the park.""",NA,three men are chatting on a brown bench,Two men are chatting on a brown bench.,Three men are discussing on a blue couch
./coco-images/images/COCO_train2014_000000198072.jpg,198072,A motorcyclist with helmet and neon vest taking a photograph in side mirror,NA,"""A motorcyclist with helmet and neon vest taking a photograph in rearview mirror""","""A motorcyclist with helmet and neon vest checking his reflection in the side mirror""",NA,A motorcyclist with helmet and neon vest takes a photograph in her side mirror.,Two motorcyclists with helmets and neon vests taking a photograph in rearview mirror at the highway.
./coco-images/images/COCO_train2014_000000468357.jpg,468357,A red laptop on a desk with various devices plugged in.,NA,"""A red laptop on a kitchen table with various devices plugged in.""","""A red smartphone on a desk with various devices plugged in.""",NA,NA,"""Several blue laptops in a conference room with numerous cables connected."""
./coco-images/images/COCO_train2014_000000112029.jpg,112029,Girl laying on bed with a stuffed panda posing for the camera.,NA,"""Girl laying on a beach towel with a stuffed panda posing for the camera.""","""Girl laying on bed with a storybook posing for the camera.""",NA,Boy laying on bed with a stuffed panda posing for the camera.,Boy sitting on chair with stuffed elephants posing for the camera.
./coco-images/images/COCO_train2014_000000205931.jpg,205931,A woman painting flowers on a red umbrella.,NA,NA,"""A woman painting flowers on a blue canvas.""",NA,A man painting flowers on a red umbrella.,Two men painting stars on a blue wall.
./coco-images/images/COCO_train2014_000000145499.jpg,145499,A dog inside a stuffed hot dog bun on a man's lap.,NA,NA,"""A cat inside a stuffed hot dog bun on a man's lap.""",NA,A dog inside a stuffed hot dog bun on a woman's lap.,Two cats inside stuffed hamburger buns on a woman's sofa.
./coco-images/images/COCO_train2014_000000528563.jpg,528563,The two friends are playing a game on the Wii console.,A group of friends are playing a game on the Wii console.,NA,"""The two friends are playing a game on the Xbox console.""",A group of girls are playing a game on the Wii console.,The two girlfriends are playing a game on the Wii console.,The group of girls are playing a game on the Xbox console at a sleepover.
./coco-images/images/COCO_train2014_000000330652.jpg,330652,Two children lying on the booth seats of a restaurant.,Four children lying on the booth seats of a restaurant.,"""Two children lying on the couches of a living room.""",NA,NA,Two girls lying on the booth seats of a restaurant.,A man sitting on the deck chair of a beach resort.
./coco-images/images/COCO_train2014_000000184930.jpg,184930,a man holding two very large teddy bears,two men holding two very large teddy bears,NA,"""a man holding two very large watermelons""",NA,a woman holding two very large teddy bears,a woman holding three very small dolls
./coco-images/images/COCO_train2014_000000196545.jpg,196545,The woman is showing the toppings on her hotdog.,NA,NA,"""The woman is showing the toppings on her pizza.""",The men are showing the toppings on their hotdogs.,The man is showing the toppings on his hotdog.,The men are showcasing the toppings on their pizza.
./coco-images/images/COCO_train2014_000000198072.jpg,198072,A man in a helmet observes his reflection in a motorcycle side mirror.,NA,"""A man in a helmet observes his reflection in a motorcycle side mirror at a gas station.""","""A man in a helmet observes his reflection in a shop window.""",NA,"""A woman in a helmet observes her reflection in a motorcycle side mirror.""",Two women in helmets observe their reflections in a car side mirror.
./coco-images/images/COCO_train2014_000000439463.jpg,439463,A woman with a wooden pizza board is near a huge oven.,NA,"""A woman with a wooden pizza board is near a huge oven at the pizzeria.""","""A woman with a wooden pizza board is near a gigantic tree.""",NA,A man with a wooden pizza board is near a huge oven.,Two men with metal barbecue tongs are by a small grill.
./coco-images/images/COCO_train2014_000000394151.jpg,394151,The woman is standing above the two packed suitcases.,Two women are standing above the two packed suitcases.,"""The woman is standing beside the two packed suitcases.""","""The woman is standing above the two sleeping dogs.""",The man is standing above the three packed suitcases.,"""The man is standing above the two packed suitcases.""",The man is sitting below the three unpacked boxes.
./coco-images/images/COCO_train2014_000000096222.jpg,96222,A man standing in front of a cake on a table.,NA,"""A man standing in front of a cake in a bakery.""","""A man standing in front of a painting on a wall.""",NA,A woman standing in front of a cake on a table.,Two women sitting behind cookies on a counter.
./coco-images/images/COCO_train2014_000000163939.jpg,163939,A tin cup of noodles in water sitting in front of a computer.,NA,"""A tin cup of noodles in water sitting on a kitchen counter.""",NA,NA,NA,Several aluminum bowls of pasta in broth resting on top of a television.
./coco-images/images/COCO_train2014_000000122731.jpg,122731,A person with face make up and a multi color umbrella and jacket.,NA,NA,NA,NA,NA,"""Several men with face paint and monochrome umbrellas and coats."""
./coco-images/images/COCO_train2014_000000324732.jpg,324732,A woman standing next to refrigerators holding a sign.,NA,"""A woman standing next to refrigerators in a appliance store holding a sign.""","""A woman standing next to refrigerators holding a basket of fruit.""",NA,"""A man standing next to refrigerators holding a sign.""",Two men sitting near ovens holding a photo.
./coco-images/images/COCO_train2014_000000075299.jpg,75299,"Two movers with their open moving van, which is parked on a city street.","Four movers with their open moving van, which is parked on a city street.","""Two movers with their open moving van, which is parked in a suburban driveway.""",NA,NA,"""Two female movers with their open moving van, which is parked on a city street.""","""A single mover with her open moving van, which is parked in a rural area."""
./coco-images/images/COCO_train2014_000000184930.jpg,184930,A man is carrying two extra large teddy bears.,Three men are carrying two extra large teddy bears.,NA,"""A man is carrying two large suitcases.""","""A woman is carrying one extra large teddy bear.""","""A woman is carrying two extra large teddy bears.""","""A woman is carrying three extra large unicorn plushies."""
