imageURL,imageID,original,inc_quantity,inc_location,inc_object,inc_gender-number,inc_gender,inc_full,sim_original,sim_quantity,sim_location,sim_object,sim_gender-number,sim_gender,sim_full
./coco-images/images/COCO_train2014_000000196545.jpg,196545,A young woman in glasses is holding a hot dog.,NA,NA,A young woman in glasses is holding a book.,NA,A young man in glasses is holding a hot dog.,"Two young men in glasses are holding burgers at a party.
",0.19894320517778397,0.0,0.0,0.0,0.0,0.11988610960543156,0.0
./coco-images/images/COCO_train2014_000000134599.jpg,134599,A person holding a green plastic knife getting ready to cut a white cake.,NA,NA,A person holding a green plastic knife getting ready to cut a red apple.,NA,NA,"Two men holding blue plastic knives getting ready to cut a chocolate cake in the kitchen.
",0.35305410623550415,0.0,0.0,0.01272150781005621,0.0,0.0,0.1521190069615841
./coco-images/images/COCO_train2014_000000196545.jpg,196545,A woman holds a hot dog with toppings while sitting on a bench.,NA,A woman holds a hot dog with toppings while sitting at a picnic table.,A woman holds a book with toppings while sitting on a bench.,Two men hold hot dogs with toppings while sitting on a bench.,A man holds a hot dog with toppings while sitting on a bench.,"Two men hold hamburgers with fries while standing in a bar.
",0.42778097093105316,0.0,0.39055943489074707,0.22144325077533722,0.17237473279237747,0.3384873643517494,0.0
./coco-images/images/COCO_train2014_000000475999.jpg,475999,A large stack of brownies at a market.,A small stack of brownies at a market.,A large stack of brownies at a school.,A large stack of apples at a market.,NA,NA,"A single book at a school.
",0.4699036106467247,0.44331979006528854,0.36804016679525375,0.05040709860622883,0.0,0.0,0.0
./coco-images/images/COCO_train2014_000000134599.jpg,134599,A person is getting ready to cut a white cake.,NA,NA,A person is getting ready to cut a red ribbon.,Several men are getting ready to cut a white cake.,NA,"Two men are preparing to slice a chocolate cake in the kitchen.
",0.33270128071308136,0.0,0.0,0.08447803556919098,0.2900121919810772,0.0,0.12426932342350483
./coco-images/images/COCO_train2014_000000488127.jpg,488127,A soldier cuts a large American military-themed cake.,NA,NA,A soldier cuts a large American military-themed banana.,NA,NA,"Two female soldiers slice a small British military-themed cookie at the base.
",0.43167032301425934,0.0,0.0,0.23895908147096634,0.0,0.0,0.2927868813276291
./coco-images/images/COCO_train2014_000000096222.jpg,96222,A man in a black t-shirt stands in front of a birthday cake in a kitchen.,NA,A man in a black t-shirt stands in front of a birthday cake in a restaurant.,A man in a black t-shirt stands in front of a stove in a kitchen.,NA,A woman in a black t-shirt stands in front of a birthday cake in a kitchen.,"Two women in red blouses stand in front of a graduation cake in a dining room.
",0.38015976548194885,0.0,0.23967774584889412,0.2082781121134758,0.0,0.26563968509435654,0.0
./coco-images/images/COCO_train2014_000000266311.jpg,266311,A man doing a handstand trick on a skateboard near the beach and next to a group of parked bicycles.,Several men doing handstand tricks on skateboards near the beach and next to a group of parked bicycles.,A man doing a handstand trick on a skateboard in a city park and next to a group of parked bicycles.,A man doing a handstand trick on a surfboard near the beach and next to a group of parked bicycles.,NA,A woman doing a handstand trick on a skateboard near the beach and next to a group of parked bicycles.,"""A group of women performing a handstand trick on roller skates in a park",0.5086684226989746,0.44975049793720245,0.3818763792514801,0.43416112661361694,0.0,0.4316216707229614,0.11194641701877117
./coco-images/images/COCO_train2014_000000195449.jpg,195449,A dog riding on a motorcycle with a person,NA,NA,A cat riding on a motorcycle with a person,NA,NA,"Two cats sailing on a boat with people.
",0.3229502961039543,0.0,0.0,0.19309813156723976,0.0,0.0,0.0
./coco-images/images/COCO_train2014_000000449904.jpg,449904,A woman with glasses sitting at a table with a slice of pizza in front of her and a soft drink cup.,NA,A woman with glasses sitting at a counter with a slice of pizza in front of her and a soft drink cup.,A woman with glasses sitting at a table with a book in front of her and a coffee mug.,NA,A man with glasses sitting at a table with a slice of pizza in front of him and a soft drink cup.,"Two men with sunglasses standing by a food truck with burgers in their hands and cans of soda.
",0.49227677285671234,0.0,0.49531240016222,0.16027919948101044,0.0,0.3108184039592743,0.0
./coco-images/images/COCO_train2014_000000522288.jpg,522288,A small white dog is poses near a wine glass.,NA,NA,A small white dog is posing near a vintage gramophone.,NA,NA,"Several black cats are lounging near a milk bowl.
",0.4294317215681076,0.0,0.0,0.0,0.0,0.0,0.0
./coco-images/images/COCO_train2014_000000196545.jpg,196545,A woman sitting on a bench holding a hot dog,NA,A woman sitting on a beach holding a hot dog,A woman sitting on a bench holding a book,NA,A man sitting on a bench holding a hot dog,"Two men standing on a bridge holding ice creams
",0.34380383789539337,0.0,0.2534588798880577,0.1376124657690525,0.0,0.283393282443285,0.0
./coco-images/images/COCO_train2014_000000488127.jpg,488127,A soldier preparing to cut a large cake.,NA,NA,A soldier preparing to load a large cannon.,NA,NA,"Two female sailors getting ready to slice a small pie on a ship.
",0.455935075879097,0.0,0.0,0.0,0.0,0.0,0.08802469819784164
./coco-images/images/COCO_train2014_000000459209.jpg,459209,Two children are playing with letter magnets on a refrigerator.,Four children are playing with letter magnets on a refrigerator.,Two children are playing with letter magnets on a laptop.,Two children are playing with toy cars on a refrigerator.,NA,NA,"A man is playing with number magnets on a whiteboard.
",0.43869294226169586,0.388297401368618,0.3132336586713791,0.24771962314844131,0.0,0.0,0.09251149371266365
./coco-images/images/COCO_train2014_000000522288.jpg,522288,A dog with a wine glass being held to its face.,NA,NA,A dog with a book being held to its face.,NA,NA,"Several cats with beer mugs being held to their feet
",0.31800106167793274,0.0,0.0,0.07577470503747463,0.0,0.0,0.0
./coco-images/images/COCO_train2014_000000210266.jpg,210266,A man in a suit and tie holding an umbrella in an alley filled with them.,NA,A man in a suit and tie holding an umbrella in a museum filled with them.,A man in a suit and tie holding a briefcase in an alley filled with them.,NA,A woman in a suit and tie holding an umbrella in an alley filled with them.,"Two women in dresses and hats holding fans in a courtyard filled with them.
",0.4437095671892166,0.0,0.25357047095894814,0.23534508422017097,0.0,0.37137266248464584,0.0
./coco-images/images/COCO_train2014_000000122731.jpg,122731,A person wearing a neon safety vest holding an orange and green umbrella,NA,NA,A person wearing a neon safety vest holding a red stop sign,NA,NA,"Two men donning neon safety vests holding blue and yellow fans
",0.3952052444219589,0.0,0.0,0.12362617999315262,0.0,0.0,0.03736053127795458
./coco-images/images/COCO_train2014_000000029642.jpg,29642,A girl with long brown hair with streaks of red lays on a bed and looks at an open laptop computer.,NA,A girl with long brown hair with streaks of red lays on a table and looks at an open laptop computer.,A girl with long brown hair with streaks of red lays on a bed and reads a thick novel.,NA,A boy with long brown hair with streaks of red lays on a bed and looks at an open laptop computer.,"Two boys with short black hair streaked with blue sit in a library and look at an open book.
",0.46730097383260727,0.0,0.3864501044154167,0.23890066891908646,0.0,0.4562494531273842,0.0
./coco-images/images/COCO_train2014_000000096222.jpg,96222,A man posing with a birthday cake in a kitchen.,NA,A man posing with a birthday cake in a restaurant.,A man posing with a pot of soup in a kitchen.,NA,A woman posing with a birthday cake in a kitchen.,"Two women posing with cookies in a school.
",0.3854850307106972,0.0,0.19639849662780762,0.11140810325741768,0.0,0.22425036877393723,0.0
./coco-images/images/COCO_train2014_000000195449.jpg,195449,A man riding on the back of a motorcycle with a large brown dog.,NA,NA,A man riding on the back of a motorcycle with a small cat.,NA,A woman riding on the back of a motorcycle with a large brown dog.,"Two women sailing on a large blue boat with a pair of small white cats.
",0.2465226873755455,0.0,0.0,0.16420762985944748,0.0,0.32640833407640457,0.0
./coco-images/images/COCO_train2014_000000195449.jpg,195449,A dog riding on a scooter with someone.,NA,NA,A dog riding on a boat with someone.,NA,NA,"Two cats sailing on a boat with someone in the ocean.
",0.38007326424121857,0.0,0.0,0.1434139534831047,0.0,0.0,0.0
./coco-images/images/COCO_train2014_000000134599.jpg,134599,A white frosted cake in the middle of a table with someone holding a knife above it.,NA,A white frosted cake in the middle of the ocean with someone holding a knife above it.,A black ball in the middle of a table with someone holding a knife above it.,NA,NA,"A group of men around a pool with one person holding a fork over a blue ice cream sundae.
",0.32464921474456787,0.0,0.21215667948126793,0.0,0.0,0.0,0.0
./coco-images/images/COCO_train2014_000000420523.jpg,420523,A banana and strawberry on the keyboard of a laptop.,NA,A banana and strawberry on the desk next to a laptop.,A banana and strawberry on the screen of a laptop.,NA,NA,"Several apples and raspberries on the desk of a desktop computer.
",0.4545481875538826,0.0,0.4062553867697716,0.39930418133735657,0.0,0.0,0.09387780912220478
./coco-images/images/COCO_train2014_000000488127.jpg,488127,A guy in a military uniform cutting a big cake.,NA,NA,A guy in a military uniform reading a big book.,NA,A woman in a military uniform cutting a big cake.,"Several women in firefighter uniforms slicing a small pie.
",0.3802480921149254,0.0,0.0,0.08380325511097908,0.0,0.3732576221227646,0.13496767729520798
./coco-images/images/COCO_train2014_000000160471.jpg,160471,A man in grey sweater on floor next to a suitcase.,NA,A man in grey sweater on a rooftop next to a suitcase.,NA,NA,A woman in grey sweater on floor next to a suitcase.,"Two women in blue cardigans on a couch next to a backpack.
",0.3312734141945839,0.0,0.15863854438066483,0.0,0.0,0.19235754385590553,0.0
./coco-images/images/COCO_train2014_000000481931.jpg,481931,Two Navy sailors cutting a large sheet cake.,One Navy sailor cutting a large sheet cake.,NA,Two Navy sailors cutting a thick rope.,NA,NA,"A single Army soldier slicing a small pie.
",0.45256640762090683,0.4334590584039688,0.0,0.23029737174510956,0.0,0.0,0.13380639255046844
./coco-images/images/COCO_train2014_000000420523.jpg,420523,A banana and a strawberry is sitting on an open laptop keyboard.,NA,A banana and a strawberry is sitting on a wooden table.,A banana and a strawberry is sitting on an open book.,Several bananas and strawberries are sitting on an open laptop keyboard.,NA,"Several apples and blueberries are floating in a filled kitchen sink.
",0.4350193589925766,0.0,0.1966242678463459,0.25903116911649704,0.42997080832719803,0.0,0.0
./coco-images/images/COCO_train2014_000000522288.jpg,522288,A small white dog being offered a glass of red wine.,NA,NA,A small white dog being offered a bowl of cereal.,NA,NA,"Multiple black cats being offered bowls of milk in the kitchen.
",0.39771027863025665,0.0,0.0,0.08358824998140335,0.0,0.0,0.0
./coco-images/images/COCO_train2014_000000336942.jpg,336942,A woman in a white dress is sitting with her cell phone.,NA,NA,A woman in a white dress is sitting with her book.,NA,A man in a white dress is sitting with his cell phone.,"Two men in black suits are standing with their laptops in an office.
",0.4200037568807602,0.0,0.0,0.17585691064596176,0.0,0.3973380848765373,0.0
./coco-images/images/COCO_train2014_000000134238.jpg,134238,"""A cake with a missing slice on a floral plate"," two bowls of fruit and a hand of bananas.""","""Two cakes with a missing slice on floral plates"," four bowls of fruit and two hands of bananas.""","""A cake with a missing slice in a plain bowl"," two bowls of fruit and a hand of bananas""","""A book with a missing slice on a floral plate",0.1866106502711773,0.00045420601963996887,0.11988041922450066,0.0,0.1518724113702774,0.00045420601963996887,0.06129024550318718
./coco-images/images/COCO_train2014_000000196545.jpg,196545,Woman sitting on a bench holding a hotdog in her hand,NA,Woman sitting in a park holding a hotdog in her hand,Woman sitting on a bench holding a book in her hand,NA,Man sitting on a bench holding a hotdog in his hand,"Two men standing on a bridge holding ice creams in their hands
",0.4232999309897423,0.0,0.3697333484888077,0.03426832612603903,0.0,0.31535811722278595,0.0
./coco-images/images/COCO_train2014_000000195449.jpg,195449,a person on a motorcycle and a dog,NA,NA,NA,NA,NA,"two women on bicycles and a cat
",0.24614978581666946,0.0,0.0,0.0,0.0,0.0,0.0
./coco-images/images/COCO_train2014_000000184930.jpg,184930,a man in a brown shirt is holding two large stuffed teddy bears,Two men in brown shirts are holding two large stuffed teddy bears.,NA,a man in a brown shirt is holding two large ice cream cones,NA,a woman in a brown shirt is holding two large stuffed teddy bears,"Two women in green dresses are holding three small stuffed unicorns in a toy store.
",0.4627890884876251,0.41091013699769974,0.0,0.14574007131159306,0.0,0.38131773471832275,0.01874779351055622
./coco-images/images/COCO_train2014_000000200221.jpg,200221,A baby sits in a suitcase in front of a book shelf,Two babies sit in a suitcase in front of a book shelf.,A baby sits in a suitcase in front of a fireplace,A baby sits in a laundry basket in front of a book shelf,NA,NA,"Two boys sit in a trunk in front of a wardrobe.
",0.34897252917289734,0.2403022162616253,0.2312919870018959,0.17854202538728714,0.0,0.0,0.10403258726000786
./coco-images/images/COCO_train2014_000000449904.jpg,449904,A young woman sits at a cafe table with a piece of pizza and a beverage.,NA,A young woman sits at the beach with a piece of pizza and a beverage.,A young woman sits at a cafe table with a book.,Two young men sit at a cafe table with pieces of pizza and beverages.,A young man sits at a cafe table with a piece of pizza and a beverage.,"Several men sit at a bar counter with bowls of soup and pints of beer.
",0.44944755733013153,0.0,0.23203672841191292,0.19184479489922523,0.11736740358173847,0.2735152468085289,0.0
./coco-images/images/COCO_train2014_000000488127.jpg,488127,"""A veteran cutting a birthday cake that is decorated in red", white," and blue.""",NA,NA,NA,NA,0.2553900517523289,0.0,0.001051807776093483,0.0,0.0,0.0,0.0
./coco-images/images/COCO_train2014_000000330652.jpg,330652,two children laying on restaurant booth seats,Three children laying on restaurant booth seats,two children laying on living room couch,NA,NA,NA,"a man lying on a park bench
",0.40045738220214844,0.3492749482393265,0.09950418025255203,0.0,0.0,0.0,0.04938443657010794
./coco-images/images/COCO_train2014_000000459209.jpg,459209,Two young boys playing with letter magnets on the front of a refrigerator.,Four young boys playing with letter magnets on the front of a refrigerator.,NA,Two young boys playing with action figures on the front of a refrigerator.,NA,Two young girls playing with letter magnets on the front of a refrigerator.,"A single girl arranging number stickers on the side of a bookshelf.
",0.4219900071620941,0.3703285753726959,0.0,0.23987920954823494,0.0,0.3473065420985222,0.023174816742539406
./coco-images/images/COCO_train2014_000000034815.jpg,34815,a man and a woman with bicycles standing next to a train,NA,a man and a woman with bicycles standing next to a river,a man and a woman with cars standing next to a train,NA,two men with bicycles standing next to a train,"Two women and a man with skateboards sitting next to a bus.
",0.4214037209749222,0.0,0.2212812379002571,0.25113658979535103,0.0,0.39069291204214096,0.0
./coco-images/images/COCO_train2014_000000449904.jpg,449904,A young woman sitting in a restaurant with a pizza and soda in front of her.,NA,A young woman sitting in a park with a pizza and soda in front of her.,A young woman sitting in a library with a book and coffee in front of her.,NA,A young man sitting in a restaurant with a pizza and soda in front of him.,"A group of men standing in a bar with beers and burgers in front of them.
",0.495571494102478,0.0,0.36574117839336395,0.11425163596868515,0.0,0.34862495958805084,0.0
./coco-images/images/COCO_train2014_000000420523.jpg,420523,A banana and a strawberry sitting on a lap top computer.,NA,A banana and a strawberry sitting on a kitchen counter.,A banana and a strawberry sitting on a kitchen counter.,NA,NA,"Several bananas and strawberries are sitting on a phone.
",0.4483993351459503,0.0,0.2438230998814106,0.2438230998814106,0.0,0.0,0.2947552502155304
./coco-images/images/COCO_train2014_000000560969.jpg,560969,A young boy eating a hot dog over a paper plate.,NA,A young boy eating a hot dog at a carnival stand.,A young boy reading a comic book over a paper plate.,NA,A young girl eating a hot dog over a paper plate.,"A group of girls devouring cupcakes out of a bowl.
",0.34974269568920135,0.0,0.1302751526236534,0.1285923644900322,0.0,0.23875409737229347,0.0
./coco-images/images/COCO_train2014_000000420523.jpg,420523,A banana and a strawboard are on a laptop keyboard.,NA,A banana and a strawboard are on a dining table.,A banana and a strawboard are on a dining table.,Several bananas and strawboards are on a laptop keyboard.,NA,"Several apples and strawboards are on a phone.
",0.4195179045200348,0.0,0.23841023445129395,0.23841023445129395,0.2970783971250057,0.0,0.0
./coco-images/images/COCO_train2014_000000340923.jpg,340923,An infant sits next to a stuffed teddy bear toy.,Two infants sit next to a stuffed teddy bear toy.,An infant sits next to a stuffed teddy bear toy on the couch.,An infant sits next to a colorful building blocks toy.,NA,NA,"Two male toddlers sit across from a collection of baseball bats.
",0.3362555056810379,0.2814425714313984,0.38507670164108276,0.08831559680402279,0.0,0.0,0.0
./coco-images/images/COCO_train2014_000000330652.jpg,330652,Children laying in a booth at a restaurant,NA,Children laying in a booth at a library,NA,NA,NA,"A man lying on a bench at the beach.
",0.3970998525619507,0.0,0.16388896852731705,0.0,0.0,0.0,0.0
./coco-images/images/COCO_train2014_000000195449.jpg,195449,A person with a yellow lab on a moped ridding down the street.,NA,A person with a yellow lab on a moped riding down the beach.,A person with a yellow lab on a skateboard cruising down the street.,NA,NA,"Two men with yellow labs on mopeds riding through the countryside.
",0.45406274497509,0.0,0.2533523365855217,0.2037457376718521,0.0,0.0,0.18529484048485756
./coco-images/images/COCO_train2014_000000034815.jpg,34815,a man and woman standing next to a bike next to a subtrain,NA,a man and woman standing next to a bike next to a river,a man and woman standing next to a motorcycle next to a bus,NA,Two women standing next to a bike next to a subtrain,"Two men and three women standing next to a car next to a bus station
",0.42095623910427094,0.0,0.17253264784812927,0.1484622247517109,0.0,0.39456021040678024,0.0
./coco-images/images/COCO_train2014_000000160471.jpg,160471,A man laying on the floor near a suitcase.,NA,A man laying on the beach near a suitcase.,A man laying on the floor near a guitar.,NA,A woman laying on the floor near a suitcase.,"Two women sitting on a rooftop near a backpack.
",0.3895917534828186,0.0,0.2433723583817482,0.12146506458520889,0.0,0.2476593293249607,0.0
./coco-images/images/COCO_train2014_000000034815.jpg,34815,A man and woman pause with their bikes beside a train.,NA,A man and woman pause with their bikes beside a lake.,A man and woman pause with their dogs beside a train.,Three men pause with their bikes beside a train.,Two women pause with their bikes beside a train.,"Three women stop with their scooters beside a river.
",0.49393869936466217,0.0,0.21886024624109268,0.21973151713609695,0.35652510821819305,0.43958377093076706,0.013500307686626911
./coco-images/images/COCO_train2014_000000335696.jpg,335696,Two elderly women speak to each other on a bench.,Three elderly women speak to each other on a bench.,Two elderly women speak to each other in a coffee shop.,NA,Three elderly men speak to each other on a bench.,Two elderly men speak to each other on a bench.,"Three elderly men speak to each other in a bar.
",0.396050289273262,0.2907060645520687,0.1126757450401783,0.0,0.11333605274558067,0.2053331956267357,0.0
./coco-images/images/COCO_train2014_000000040338.jpg,40338,Soldiers hold a refrigerator open to show a woman what's inside.,NA,NA,Soldiers hold a book open to show a woman what's inside.,A soldier holds a refrigerator open to show a man what's inside.,Soldiers hold a refrigerator open to show a man what's inside.,"A soldier holds a cupboard open to show a group of men what's inside.
",0.48020824790000916,0.0,0.0,0.07044362369924784,0.40113840252161026,0.42760297656059265,0.22222237661480904
./coco-images/images/COCO_train2014_000000394151.jpg,394151,A woman with luggage standing behind her open trunk,NA,A woman with luggage standing inside her open trunk,A woman with a dog standing behind her open trunk,NA,A man with luggage standing behind his open trunk,"Two men with flowers sitting in front of their closed tent.
",0.3535468876361847,0.0,0.3320407122373581,0.1362522877752781,0.0,0.30001847073435783,0.0
./coco-images/images/COCO_train2014_000000459209.jpg,459209,2 children look at magnetic letters on a refrigerator,5 children look at magnetic letters on a refrigerator,NA,2 children look at a colorful drawing on a refrigerator,NA,NA,"A man looks at birds on the beach.
",0.45744284987449646,0.37964150309562683,0.0,0.2382042445242405,0.0,0.0,0.0
./coco-images/images/COCO_train2014_000000145499.jpg,145499,A lady holding a bottle of ketchup and a dog in a hot dog bun costume.,NA,NA,A lady holding a bottle of mustard and a bird in a top hat.,NA,A man holding a bottle of ketchup and a dog in a hot dog bun costume.,"Two gentlemen holding cans of mustard and cats in burger costumes at the beach.
",0.3858894482254982,0.0,0.0,0.0,0.0,0.348801426589489,0.09124554693698883
./coco-images/images/COCO_train2014_000000184930.jpg,184930,A man carrying two large teddy bears while looking to his left.,Two men carrying two large teddy bears while looking to their left.,A man carrying two large teddy bears while looking up.,A man carrying two large suitcases while looking to his left.,NA,A woman carrying two large teddy bears while looking to her left.,"Two women carrying three small rabbits while looking to her right.
",0.4310999810695648,0.4145621880888939,0.4333539307117462,0.04983174614608288,0.0,0.3096150979399681,0.0
./coco-images/images/COCO_train2014_000000461183.jpg,461183,Two men sit on a boat and prepare to scuba dive.,Three men sit on a boat and prepare to scuba dive.,Two men sit on a dock and prepare to scuba dive.,NA,A woman sits on a boat and prepares to scuba dive.,Two women sit on a boat and prepare to scuba dive.,"A woman stands on a mountain and prepares to paraglide.
",0.36250628530979156,0.2738925814628601,0.3147456794977188,0.0,0.1158536784350872,0.2124255709350109,0.0
./coco-images/images/COCO_train2014_000000344597.jpg,344597,A person holds a Wii-mote while a dog sleeps in their lap.,NA,A person holds a Wii-mote while a dog sleeps in their bed.,A person holds a book while a cat sleeps in their lap.,Two people hold Wii-motes while dogs sleep in their laps.,NA,"Two people hold books while dogs sleep on their couch.
",0.37908557802438736,0.0,0.31593959778547287,0.025816727429628372,0.3165578469634056,0.0,0.12070188298821449
./coco-images/images/COCO_train2014_000000205931.jpg,205931,A woman is painting designs on an umbrella.,NA,NA,A woman is painting designs on a wall.,Two men are painting designs on an umbrella.,A man is painting designs on an umbrella.,"Two men are sketching patterns on a wall.
",0.39756830781698227,0.0,0.0,0.131938848644495,0.26037391275167465,0.3309301659464836,0.0
./coco-images/images/COCO_train2014_000000528563.jpg,528563,A woman with a tattoo playing the Wii.,NA,NA,A woman with a tattoo playing the guitar.,NA,A man with a tattoo playing the Wii.,"Two men with tattoos playing the guitar.
",0.48098020255565643,0.0,0.0,0.01206379383802414,0.0,0.388450063765049,0.0
./coco-images/images/COCO_train2014_000000160471.jpg,160471,A man is laying on the floor of a hotel room next to an open suitcase.,NA,A man is laying on the floor of a train station next to an open suitcase.,A man is laying on the floor of a hotel room next to a half-eaten room service tray.,Two women are laying on the floor of a hotel room next to an open suitcase.,A woman is laying on the floor of a hotel room next to an open suitcase.,"Two women are sitting on the deck of a beach house next to an open picnic basket.
",0.3427591174840927,0.0,0.274586770683527,0.2217811532318592,0.13163357973098755,0.21751442924141884,0.0
./coco-images/images/COCO_train2014_000000324732.jpg,324732,a woman stands in front of stainless steel refrigerators holding a sign,NA,a woman stands behind stainless steel refrigerators holding a sign,A woman stands in front of stainless steel refrigerators holding a puppy.,two men stand in front of stainless steel refrigerators holding a sign,a man stands in front of stainless steel refrigerators holding a sign,"Two men sit behind wooden desks holding a book.
",0.29665715992450714,0.0,0.3331524506211281,0.13826657086610794,0.19150596112012863,0.24706043303012848,0.0
./coco-images/images/COCO_train2014_000000461183.jpg,461183,Two males in scuba gear on a boat.,Four males in scuba gear on a boat.,Two males in scuba gear in a library.,Two males in pajamas on a boat.,NA,Two females in scuba gear on a boat.,"Four females in top hats in a library.
",0.35679008811712265,0.24028528481721878,0.19289661198854446,0.13300441205501556,0.0,0.21565891802310944,0.0
./coco-images/images/COCO_train2014_000000121619.jpg,121619,"""Without paper handy"," a man writes a reminder about the parking meter on his palm.""",NA,"""Without paper handy"," a man writes a reminder about the parking meter on his arm.""","""Without a paper handy"," a man writes a reminder about the groceries on his palm.""",0.02551301848143339,0.5086596310138702,0.0,0.02551301848143339,0.5205287784337997,0.09256849065423012,0.16480503603816032
./coco-images/images/COCO_train2014_000000035995.jpg,35995,A man in camouflage is shaking hands with a man in a suit in front of some trucks.,NA,A man in camouflage is shaking hands with a man in a suit in front of some skyscrapers.,NA,NA,A woman in camouflage is shaking hands with a man in a suit in front of some trucks.,"Two women in camouflage are shaking hands with women in suits in front of some boats.
",0.466965027153492,0.0,0.2576718106865883,0.0,0.0,0.38837142288684845,0.12160001322627068
./coco-images/images/COCO_train2014_000000292101.jpg,292101,A gray cat laying on top of a laptop computer.,NA,A gray cat laying below a laptop computer.,A gray cat laying on top of a couch.,NA,NA,"Two brown dogs sitting underneath a wooden desk.
",0.3675852343440056,0.0,0.36421988159418106,0.23840822279453278,0.0,0.0,0.0
./coco-images/images/COCO_train2014_000000420523.jpg,420523,A banana and strawberry on top of a laptop,NA,A banana and strawberry on top of a desk,NA,NA,NA,"Several bananas and strawberries on top of a desk
",0.45190244913101196,0.0,0.3877732902765274,0.0,0.0,0.0,0.3247593343257904
./coco-images/images/COCO_train2014_000000449904.jpg,449904,A young woman sitting at a table in front of a piece of pizza.,NA,A young woman sitting in a car in front of a piece of pizza.,A young woman sitting at a table in front of a laptop.,NA,A young man sitting at a table in front of a piece of pizza.,"Multiple men standing by a car in front of a television.
",0.4410194233059883,0.0,0.28664903715252876,0.17774449661374092,0.0,0.25865785777568817,0.0
./coco-images/images/COCO_train2014_000000344597.jpg,344597,A pug dog lying on a persons lap who's holding a remote controller.,NA,NA,A pug dog lying on a person's lap who's holding a novel.,NA,NA,"Several pug dogs lying on a man's sofa who's holding a book.
",0.4018937423825264,0.0,0.0,0.2642286382615566,0.0,0.0,0.1941034011542797
./coco-images/images/COCO_train2014_000000121619.jpg,121619,"""A man is standing beside a parking meter"," writing on his hand.""",NA,"""A man is standing beside a microwave"," writing on his hand.""","""A man is standing beside a parking meter"," writing on his book.""",0.3882094845175743,0.14100117608904839,0.0,0.0,0.14100117608904839,0.3882094845175743,0.07359969429671764
./coco-images/images/COCO_train2014_000000096222.jpg,96222,A man standing over a cake with candles.,NA,A man standing under a cake with candles.,A man standing over a pizza with toppings.,NA,A woman standing over a cake with candles.,"Two women sitting around a television.
",0.33731594681739807,0.0,0.33039391040802,0.06394525989890099,0.0,0.19077058881521225,0.0
./coco-images/images/COCO_train2014_000000340923.jpg,340923,An infant and a teddy beat sitting up next to each other.,NA,An infant and a teddy bear sitting up far away from each other.,NA,NA,NA,"Two infants and their toy cars are sitting up far away from each other.
",0.3144204244017601,0.0,0.29993999749422073,0.0,0.0,0.0,0.02119326964020729
./coco-images/images/COCO_train2014_000000292101.jpg,292101,a gray and white cat is laying on top of a laptop,NA,A gray and white cat is laying on top of a bookshelf,A gray and white cat is laying on top of a bookshelf.,Two gray and white cats are laying on top of a laptop.,NA,"Two black and orange cats are laying underneath a table.
",0.399496853351593,0.0,0.13004867359995842,0.13004867359995842,0.28256626799702644,0.0,0.0
./coco-images/images/COCO_train2014_000000184930.jpg,184930,a man carrying one brown and one tan stuffed bear standing in front of a car poster,Two men carrying one brown and one tan stuffed bear standing in front of a car poster,a man carrying one brown and one tan stuffed bear standing in front of a museum exhibit,a man carrying one banana and one book standing in front of a car poster,NA,a woman carrying one brown and one tan stuffed bear standing in front of a car poster,"two women carrying multiple green and blue stuffed cats sitting in front of a painting of a train
",0.38892440497875214,0.3468839079141617,0.3169335052371025,0.0,0.0,0.30376216396689415,0.019282903522253036
./coco-images/images/COCO_train2014_000000468357.jpg,468357,"""A wallet", laptop, cellphone," cups and bottles of water sitting on a table.""",NA,"""A wallet", laptop,0.026816935278475285,0.13386541046202183,0.03047972684726119,0.08740976452827454,0.0,0.026816935278475285,0.13386541046202183
./coco-images/images/COCO_train2014_000000330652.jpg,330652,A couple of kids laying on top of booths.,One kid laying on top of a booth.,A couple of kids laying on top of tables.,NA,NA,NA,"A women lounging on top of a bar stool.
",0.3890048712491989,0.23502882570028305,0.3999307006597519,0.0,0.0,0.0,0.0
./coco-images/images/COCO_train2014_000000279373.jpg,279373,A woman in a dress standing by some motorcycles.,NA,A woman in a dress standing on top of some motorcycles.,NA,NA,A man in a dress standing by some motorcycles.,"Two men in suits standing on top of some bicycles.
",0.3427741304039955,0.0,0.2983413636684418,0.0,0.0,0.3628811612725258,0.0
./coco-images/images/COCO_train2014_000000134599.jpg,134599,A large white cake sitting on top of a table.,NA,A large white cake sitting below a table.,A large white cake sitting on a book.,NA,NA,"Two small apples sitting in a display case.
",0.18762128427624702,0.0,0.24937594309449196,0.18784120678901672,0.0,0.0,0.0
./coco-images/images/COCO_train2014_000000324732.jpg,324732,A woman standing in front of a metal refrigerator freezer.,NA,A woman standing behind a metal refrigerator freezer.,A woman standing in front of a wooden bookshelf.,NA,A man standing in front of a metal refrigerator freezer.,"Two men sitting behind a wooden cupboard.
",0.20709794014692307,0.0,0.221206434071064,0.0,0.0,0.1504168938845396,0.0
./coco-images/images/COCO_train2014_000000145499.jpg,145499,A person in a yellow shirt about to ketchup the dog in a hot dog costume.,NA,NA,A person in a yellow shirt about to ketchup the french fries.,NA,NA,"Two people in red shirts about to ketchup the french fries.
",0.3558433800935745,0.0,0.0,0.0822817999869585,0.0,0.0,0.07005336694419384
./coco-images/images/COCO_train2014_000000459209.jpg,459209,Two small children playing with their refrigerator magnets.,Four small children playing with their refrigerator magnets.,NA,Two small children playing with their toy cars.,NA,NA,"A man playing with toy cars.
",0.3866368904709816,0.29737621545791626,0.0,0.049702711403369904,0.0,0.0,0.0
./coco-images/images/COCO_train2014_000000570019.jpg,570019,A hot dog covered in toppings sitting next to beer.,NA,A hot dog covered in toppings sitting above a beer.,A hot dog covered in toppings sitting next to an apple.,NA,NA,"Several hamburgers placed near an apple.
",0.3075278364121914,0.0,0.30735328793525696,0.11811942793428898,0.0,0.0,0.0
./coco-images/images/COCO_train2014_000000335696.jpg,335696,two women are chatting on a brown bench,Three women are chatting on a brown bench.,Two women are chatting on a bed.,NA,three men are chatting on a brown bench,Two men are chatting on a brown bench.,"Three men are chatting on a blue couch
",0.4256852716207504,0.33153776079416275,0.10332540608942509,0.0,0.15099924057722092,0.246402807533741,0.0
./coco-images/images/COCO_train2014_000000198072.jpg,198072,A motorcyclist with helmet and neon vest taking a photograph in side mirror,NA,A motorcyclist with helmet and neon vest taking a photograph in a shop window,A motorcyclist with sunglasses and microphone taking a photograph in the side mirror,NA,NA,"Two motorcyclists with sunglasses and microphones taking a photograph in a shop window.
",0.5180627107620239,0.0,0.3275556117296219,0.3401429206132889,0.0,0.0,0.1307935267686844
./coco-images/images/COCO_train2014_000000468357.jpg,468357,A red laptop on a desk with various devices plugged in.,NA,A red laptop on a beach with various devices plugged in.,A red laptop on a desk with a cup.,NA,NA,"Several blue plates on a beach with numerous cups.
",0.3257778659462929,0.0,0.1974492333829403,0.14564909972250462,0.0,0.0,0.0
./coco-images/images/COCO_train2014_000000112029.jpg,112029,Girl laying on bed with a stuffed panda posing for the camera.,NA,Girl laying on a beach towel with a stuffed panda posing for the camera.,Girl laying on bed with a storybook posing for the camera.,NA,Boy laying on bed with a stuffed panda posing for the camera.,"Boy sitting on chair with flowers posing for the camera.
",0.4232947528362274,0.0,0.321747325360775,0.2009998820722103,0.0,0.2856762707233429,0.0
./coco-images/images/COCO_train2014_000000205931.jpg,205931,A woman painting flowers on a red umbrella.,NA,NA,A woman painting birds on a blue cup.,NA,A man painting flowers on a red umbrella.,"Two men painting stars on a blue wall.
",0.40147993713617325,0.0,0.0,0.06128082051873207,0.0,0.35327956080436707,0.0
./coco-images/images/COCO_train2014_000000145499.jpg,145499,A dog inside a stuffed hot dog bun on a man's lap.,NA,NA,A dog inside a stuffed hot dog bun on a table.,NA,A dog inside a stuffed hot dog bun on a woman's lap.,"Two cats inside blankets on a woman's sofa.
",0.2955295890569687,0.0,0.0,0.22012749686837196,0.0,0.3234950080513954,0.0
./coco-images/images/COCO_train2014_000000528563.jpg,528563,The two friends are playing a game on the Wii console.,The five friends are playing a game on the Wii console.,NA,The two friends are playing a board game.,NA,NA,"The five friends are playing a board game.
",0.3624509647488594,0.29460616409778595,0.0,0.06078978069126606,0.0,0.0,0.0
./coco-images/images/COCO_train2014_000000330652.jpg,330652,Two children lying on the booth seats of a restaurant.,Four children lying on the booth seats of a restaurant.,Two children lying on the couches of a living room.,NA,NA,NA,"A man sitting on the deck chair of a beach resort.
",0.3960265591740608,0.3678486868739128,0.1200919970870018,0.0,0.0,0.0,0.0
./coco-images/images/COCO_train2014_000000184930.jpg,184930,a man holding two very large teddy bears,two men holding two very large teddy bears,NA,a man holding two very large watermelons,NA,a woman holding two very large teddy bears,"two woman holding three very small spoons
",0.4678501561284065,0.4283890873193741,0.0,0.030316747725009918,0.0,0.3644328936934471,0.0
./coco-images/images/COCO_train2014_000000196545.jpg,196545,The woman is showing the toppings on her hotdog.,NA,NA,The woman is showing the toppings on her pizza.,Three men are showing the toppings on their hotdogs.,The man is showing the toppings on his hotdog.,"Three men are showcasing the toppings on their pizza.
",0.3062720037996769,0.0,0.0,0.0,0.04986882209777832,0.22951103746891022,0.0
./coco-images/images/COCO_train2014_000000198072.jpg,198072,A man in a helmet observes his reflection in a motorcycle side mirror.,NA,A man in a helmet observes his reflection in a shop window.,A man in a helmet observes a bird in a motorcycle side mirror.,NA,A woman in a helmet observes her reflection in a motorcycle side mirror.,"Two women in helmets observe a bird in a shop window.
",0.31913988292217255,0.0,0.10281672701239586,0.25591783225536346,0.0,0.25697343051433563,0.0
./coco-images/images/COCO_train2014_000000439463.jpg,439463,A woman with a wooden pizza board is near a huge oven.,NA,A woman with a wooden pizza board is near a refrigerator.,A woman with a baseball bat is near a huge oven.,NA,A man with a wooden pizza board is near a huge oven.,"Two men with metal barbecue tongs are by a small grill.
",0.2707985043525696,0.0,0.16848526895046234,0.2199975959956646,0.0,0.13763947412371635,0.0
./coco-images/images/COCO_train2014_000000394151.jpg,394151,The woman is standing above the two packed suitcases.,Two women are standing above the two packed suitcases.,The woman is standing beside the two packed suitcases.,The woman is standing above the two sleeping dogs.,Two men are standing above the two packed suitcases.,The man is standing above the two packed suitcases.,"Two men are sitting below the three unpacked boxes.
",0.3664911165833473,0.3026863746345043,0.34536268562078476,0.03149768337607384,0.25373905897140503,0.29212314635515213,0.0
./coco-images/images/COCO_train2014_000000096222.jpg,96222,A man standing in front of a cake on a table.,NA,A man standing in front of a cake in a bakery.,A man standing in front of a painting on a wall.,NA,A woman standing in front of a cake on a table.,"Two women sitting behind cookies on a counter.
",0.1651119627058506,0.0,0.1252242922782898,0.03202895633876324,0.0,0.06898711435496807,0.0
./coco-images/images/COCO_train2014_000000163939.jpg,163939,A tin cup of noodles in water sitting in front of a computer.,NA,A tin cup of noodles in water sitting on a kitchen counter.,NA,NA,NA,"Several aluminum bowls of cereal resting on top of a television.
",0.5692757666110992,0.0,0.3975372388958931,0.0,0.0,0.0,0.10860211215913296
./coco-images/images/COCO_train2014_000000122731.jpg,122731,A person with face make up and a multi color umbrella and jacket.,NA,NA,NA,NA,NA,"Several people with hats and monochrome umbrellas and coats.
",0.2469918690621853,0.0,0.0,0.0,0.0,0.0,0.18205666914582253
./coco-images/images/COCO_train2014_000000324732.jpg,324732,A woman standing next to refrigerators holding a sign.,NA,A woman standing next to refrigerators in a appliance store holding a sign.,A woman standing next to refrigerators holding a basket of fruit.,NA,A man standing next to refrigerators holding a sign.,"Two men sitting near ovens holding a photo.
",0.24015190079808235,0.0,0.28195910155773163,0.2053668536245823,0.0,0.21026050671935081,0.0
./coco-images/images/COCO_train2014_000000075299.jpg,75299,"""Two movers with their open moving van"," which is parked on a city street.""","""Four movers with their open moving van"," which is parked on a city street.""","""Two movers with their open moving van"," which is parked in a suburban driveway.""",NA,0.2826499938964844,0.14237431809306145,0.2358105592429638,0.14237431809306145,0.2826499938964844,0.09135495871305466,0.0
./coco-images/images/COCO_train2014_000000184930.jpg,184930,A man is carrying two extra large teddy bears.,Three men are carrying two extra large teddy bears.,NA,A man is carrying two large suitcases.,Two women are carrying two extra large teddy bears.,A woman is carrying two extra large teddy bears.,Two women are carrying three extra large unicorn plushies.,0.48042241483926773,0.43244801461696625,0.0,0.0724298320710659,0.344296433031559,0.37480026483535767,0.10383022949099541
